class,url
Byzantine,https://www.google.com/search?q=byzantine%20column&tbm=isch&tbs=rimg:CTORxCIcPWxGYdxsAE5a7HvX&rlz=1C1CHBD_enUS769US769&hl=en&sa=X&ved=0CBsQuIIBahcKEwiw-tqLruXtAhUAAAAAHQAAAAAQBw&biw=1522&bih=775
Byzantine,https://www.google.com/search?q=byzantine+column&tbm=isch&ved=2ahUKEwiPj9X-reXtAhXHgZ4KHVKOAMoQ2-cCegQIABAA&oq=byzantine+column&gs_lcp=CgNpbWcQAzIECCMQJzIECCMQJzICCAAyAggAMgIIADICCAAyBggAEAUQHjIECAAQGDoHCCMQ6gIQJzoECAAQQzoFCAAQsQM6CAgAELEDEIMBOgcIABCxAxBDUJkFWNq2AWCAuAFoAnAAeACAAVSIAbYJkgECMTaYAQCgAQGqAQtnd3Mtd2l6LWltZ7ABCsABAQ&sclient=img&ei=d-DjX8_3FceD-gTSnILQDA&bih=775&biw=1536&rlz=1C1CHBD_enUS769US769#imgrc=M5HEIhw9bEaGyM
Byzantine,https://www.google.com/search?q=byzantine%20column&tbm=isch&tbs=rimg:CXAvydWWXVHrYVkjiVQQW_1HR&rlz=1C1CHBD_enUS769US769&hl=en&sa=X&ved=0CB4QuIIBahcKEwiwx8qWruXtAhUAAAAAHQAAAAAQDg&biw=1522&bih=775
Byzantine,https://www.google.com/search?q=byzantine%20column&tbm=isch&tbs=rimg:CcDbEmgrEszyYY41EUAJ0lgD&rlz=1C1CHBD_enUS769US769&hl=en&sa=X&ved=0CBsQuIIBahcKEwj4waCiruXtAhUAAAAAHQAAAAAQDg&biw=1522&bih=775
Byzantine,https://www.google.com/search?q=byzantine%20Cathedral%20of%20Saint%20Mark%2C%20Venice%20column%20capital&tbm=isch&hl=en&tbs=rimg:CQfGwkxah7yVYRGM1_1y2FZVT&rlz=1C1CHBD_enUS769US769&sa=X&ved=0CBsQuIIBahcKEwi49PSxruXtAhUAAAAAHQAAAAAQBw&biw=1522&bih=775
Byzantine,https://www.google.com/search?q=byzantine%20Cathedral%20of%20Saint%20Mark%2C%20Venice%20column%20capital&tbm=isch&hl=en&tbs=rimg:CaRL9FKyaprzYdfyiIJPEsoi&rlz=1C1CHBD_enUS769US769&sa=X&ved=0CBwQuIIBahcKEwjA_pvEruXtAhUAAAAAHQAAAAAQCA&biw=1522&bih=775
Byzantine,https://www.google.com/search?q=byzantine%20Cathedral%20of%20Saint%20Mark%2C%20Venice%20column%20capital&tbm=isch&hl=en&tbs=rimg:CTpmt8oSd2aJYW0LsN2xwCV1&rlz=1C1CHBD_enUS769US769&sa=X&ved=0CBsQuIIBahcKEwjA6qW1ruXtAhUAAAAAHQAAAAAQCA&biw=1522&bih=775
Byzantine,https://www.google.com/search?q=byzantine%20Cathedral%20of%20Saint%20Mark%2C%20Venice%20column%20capital&tbm=isch&hl=en&tbs=rimg:CUTpeM672PxUYVz_11FS7UqGL&rlz=1C1CHBD_enUS769US769&sa=X&ved=0CBwQuIIBahcKEwjQp8PJruXtAhUAAAAAHQAAAAAQBw&biw=1522&bih=775
Byzantine,https://www.google.com/search?q=byzantine%20Cathedral%20of%20Saint%20Mark%2C%20Venice%20column%20capital&tbm=isch&hl=en&tbs=rimg:CUfGeSodtYA9YQNufal3jijZ&rlz=1C1CHBD_enUS769US769&sa=X&ved=0CBwQuIIBahcKEwjwjqDNruXtAhUAAAAAHQAAAAAQBw&biw=1522&bih=775
Byzantine,https://www.google.com/search?q=byzantine%20Cathedral%20of%20Saint%20Mark%2C%20Venice%20column%20capital&tbm=isch&hl=en&tbs=rimg:CbJLe3BK9DQXYSVbuVNW3VsQ&rlz=1C1CHBD_enUS769US769&sa=X&ved=0CBsQuIIBahcKEwjg2IjSruXtAhUAAAAAHQAAAAAQEQ&biw=1522&bih=775
Byzantine,https://www.google.com/search?q=byzantine%20Cathedral%20of%20Saint%20Mark%2C%20Venice%20column%20capital&tbm=isch&hl=en&tbs=rimg:Ccu2ffgUjOVYYXn1HuZJ4W3U&rlz=1C1CHBD_enUS769US769&sa=X&ved=0CBsQuIIBahcKEwiQ4rvaruXtAhUAAAAAHQAAAAAQCA&biw=1522&bih=775
Byzantine,https://www.google.com/search?q=byzantine%20Cathedral%20of%20Saint%20Mark%2C%20Venice%20column%20capital&tbm=isch&hl=en&tbs=rimg:CRHDw-fsSipEYWp6vWCzBbGt&rlz=1C1CHBD_enUS769US769&sa=X&ved=0CBsQuIIBahcKEwi4wsjhruXtAhUAAAAAHQAAAAAQBw&biw=1522&bih=775
Byzantine,https://www.google.com/search?q=byzantine%20Cathedral%20of%20Saint%20Mark%2C%20Venice%20column%20capital&tbm=isch&hl=en&tbs=rimg:CVWJYm4iFtFeYQnS5Y2oTJSP&rlz=1C1CHBD_enUS769US769&sa=X&ved=0CBsQuIIBahcKEwj4j7XmruXtAhUAAAAAHQAAAAAQBw&biw=1522&bih=775
Byzantine,https://www.google.com/search?q=byzantine%20Cathedral%20of%20Saint%20Mark%2C%20Venice%20column%20capital&tbm=isch&hl=en&tbs=rimg:CcyVTqU51aZ8YUuc4ltJnEkF&rlz=1C1CHBD_enUS769US769&sa=X&ved=0CBsQuIIBahcKEwi4nebpruXtAhUAAAAAHQAAAAAQBw&biw=1522&bih=775
Byzantine,https://www.google.com/search?q=Sant%27Apollinare%20in%20Classe%2C%20Ravenna%20capital%20column&tbm=isch&hl=en&tbs=rimg:CZdPdrFcDQa_1YXal7BhMsfkQ&rlz=1C1CHBD_enUS769US769&sa=X&ved=0CBsQuIIBahcKEwiQh6n4ruXtAhUAAAAAHQAAAAAQDA&biw=1522&bih=775
,Byzantine
,https://www.google.com/search?q=Sant%27Apollinare%20in%20Classe%2C%20Ravenna%20capital%20column&tbm=isch&hl=en&tbs=rimg:CTvKvrIcLMwaYSRho2Srqw2N&rlz=1C1CHBD_enUS769US769&sa=X&ved=0CBwQuIIBahcKEwiIxvL-ruXtAhUAAAAAHQAAAAAQBg&biw=1522&bih=775
Byzantine,https://www.google.com/search?q=Sant%27Apollinare%20in%20Classe%2C%20Ravenna%20capital%20column&tbm=isch&hl=en&tbs=rimg:CYrr9Vm-2tEQYTN8WMN5CLTC&rlz=1C1CHBD_enUS769US769&sa=X&ved=0CBsQuIIBahcKEwiQraiCr-XtAhUAAAAAHQAAAAAQCA&biw=1522&bih=775
Byzantine,https://www.google.com/search?q=Sant%27Apollinare%20in%20Classe%2C%20Ravenna%20capital%20column&tbm=isch&hl=en&tbs=rimg:CTvKvrIcLMwaYSRho2Srqw2N&rlz=1C1CHBD_enUS769US769&sa=X&ved=0CBwQuIIBahcKEwiw0cSGr-XtAhUAAAAAHQAAAAAQCQ&biw=1522&bih=775
Byzantine,https://www.google.com/search?q=byzantine%20column&tbm=isch&hl=en&tbs=rimg:CUod8IEVrkNSYbjMjHa8bGES&rlz=1C1CHBD_enUS769US769&sa=X&ved=0CBwQuIIBahcKEwjo4M-fr-XtAhUAAAAAHQAAAAAQCw&biw=1522&bih=775
Byzantine,https://www.google.com/search?q=byzantine%20column&tbm=isch&hl=en&tbs=rimg:CSFHbYKqno1yYWv9RC20LvmD&rlz=1C1CHBD_enUS769US769&sa=X&ved=0CBsQuIIBahcKEwjY5Oyor-XtAhUAAAAAHQAAAAAQCA&biw=1522&bih=775
Byzantine,https://www.google.com/search?q=byzantine%20column&tbm=isch&hl=en&tbs=rimg:CfSofQpTThXQYTIKlx-j2thV&rlz=1C1CHBD_enUS769US769&sa=X&ved=0CB0QuIIBahcKEwj418Ktr-XtAhUAAAAAHQAAAAAQBg&biw=1522&bih=775
Byzantine,https://www.google.com/search?q=byzantine%20column&tbm=isch&hl=en&tbs=rimg:Ce-WSDVYC1SdYTM4p8BJ-CQ0&rlz=1C1CHBD_enUS769US769&sa=X&ved=0CB0QuIIBahcKEwiw3-iwr-XtAhUAAAAAHQAAAAAQCA&biw=1522&bih=775
Byzantine,https://www.google.com/search?q=byzantine%20column&tbm=isch&hl=en&tbs=rimg:CXDCvgRWWF7NYeVtoJWxC-Gw&rlz=1C1CHBD_enUS769US769&sa=X&ved=0CBsQuIIBahcKEwiY1ri0r-XtAhUAAAAAHQAAAAAQCA&biw=1522&bih=775
Byzantine,https://www.google.com/search?q=byzantine%20column&tbm=isch&hl=en&tbs=rimg:CWo9sAEWGCycYXC3tgoATzhS&rlz=1C1CHBD_enUS769US769&sa=X&ved=0CBsQuIIBahcKEwig4rW4r-XtAhUAAAAAHQAAAAAQBw&biw=1522&bih=775
Byzantine,https://www.google.com/search?q=byzantine%20column&tbm=isch&hl=en&tbs=rimg:CbezE9xBWsn1YQ_1kj8KLhjUO&rlz=1C1CHBD_enUS769US769&sa=X&ved=0CB0QuIIBahcKEwjo8Zy8r-XtAhUAAAAAHQAAAAAQCA&biw=1522&bih=775#imgrc=mAjcRu_n9-RdTM
Byzantine,https://www.google.com/search?q=byzantine%20column&tbm=isch&hl=en&tbs=rimg:CahVGY0e8_188YUgv0VoPSm_1g&rlz=1C1CHBD_enUS769US769&sa=X&ved=0CBwQuIIBahcKEwjwnOm-r-XtAhUAAAAAHQAAAAAQDQ&biw=1522&bih=775
Byzantine,https://www.google.com/search?q=byzantine%20column&tbm=isch&hl=en&tbs=rimg:CRVNBknOK8vSYU26Bp_1F3Hfx&rlz=1C1CHBD_enUS769US769&sa=X&ved=0CB0QuIIBahcKEwiwj5THr-XtAhUAAAAAHQAAAAAQBw&biw=1522&bih=775
Islamic,https://www.google.com/search?q=islamic%20column&tbm=isch&hl=en&tbs=rimg:CZmqItVlakNHYex5WE8Jbpsz&rlz=1C1CHBD_enUS769US769&sa=X&ved=0CCAQuIIBahcKEwjQpPDhr-XtAhUAAAAAHQAAAAAQBw&biw=1522&bih=775
Islamic,https://www.google.com/search?q=islamic%20column&tbm=isch&hl=en&tbs=rimg:CeggYjszPkttYch3QB_1UEbaZ&rlz=1C1CHBD_enUS769US769&sa=X&ved=0CBwQuIIBahcKEwjggqHsr-XtAhUAAAAAHQAAAAAQCA&biw=1522&bih=775
Islamic,https://www.google.com/search?q=islamic%20column&tbm=isch&hl=en&tbs=rimg:CbALBEi2Ym7XYQisFnK78U2x&rlz=1C1CHBD_enUS769US769&sa=X&ved=0CBsQuIIBahcKEwiYwLLwr-XtAhUAAAAAHQAAAAAQDA&biw=1522&bih=775
Islamic,https://www.google.com/search?q=islamic%20column&tbm=isch&hl=en&tbs=rimg:CRW_1E9kev83GYaRWs2joHm2L&rlz=1C1CHBD_enUS769US769&sa=X&ved=0CB4QuIIBahcKEwiw3JH3r-XtAhUAAAAAHQAAAAAQDA&biw=1522&bih=775
Islamic,https://www.google.com/search?q=islamic%20column&tbm=isch&hl=en&tbs=rimg:CTECG85lt8FGYUQ1EKeBYmlW&rlz=1C1CHBD_enUS769US769&sa=X&ved=0CBwQuIIBahcKEwjQvNuPsOXtAhUAAAAAHQAAAAAQBw&biw=1522&bih=775
Islamic,https://www.google.com/search?q=islamic%20column&tbm=isch&hl=en&tbs=rimg:CYkx2prePhpXYftE0dAKhppJ&rlz=1C1CHBD_enUS769US769&sa=X&ved=0CBsQuIIBahcKEwiw_9iTsOXtAhUAAAAAHQAAAAAQBw&biw=1522&bih=775
Islamic,https://www.google.com/search?q=islamic%20column&tbm=isch&hl=en&tbs=rimg:Cd9sGuluS8GuYeMJErI8vQHr&rlz=1C1CHBD_enUS769US769&sa=X&ved=0CB4QuIIBahcKEwjI76KYsOXtAhUAAAAAHQAAAAAQBw&biw=1522&bih=775
Islamic,https://www.google.com/search?q=islamic%20column&tbm=isch&hl=en&tbs=rimg:CQDo9ztb2HCYYd0y1K5mFxb0&rlz=1C1CHBD_enUS769US769&sa=X&ved=0CBsQuIIBahcKEwi4tfSysOXtAhUAAAAAHQAAAAAQEQ&biw=1522&bih=775
Islamic,https://www.google.com/search?q=islamic%20column&tbm=isch&hl=en&tbs=rimg:CedxBI8LT21MYd0y1K5mFxb0&rlz=1C1CHBD_enUS769US769&sa=X&ved=0CBwQuIIBahcKEwiozbG9sOXtAhUAAAAAHQAAAAAQDA&biw=1522&bih=775
Islamic,https://www.google.com/search?q=islamic%20column&tbm=isch&hl=en&tbs=rimg:CWkC3LtSWlcFYZheFRHIGrGy&rlz=1C1CHBD_enUS769US769&sa=X&ved=0CBsQuIIBahcKEwjI3MLHsOXtAhUAAAAAHQAAAAAQBw&biw=1522&bih=775
Islamic,https://www.google.com/search?q=islamic%20column&tbm=isch&hl=en&tbs=rimg:CZTy1lS0yapvYVd4o3TdNev_1&rlz=1C1CHBD_enUS769US769&sa=X&ved=0CB4QuIIBahcKEwjgs77MsOXtAhUAAAAAHQAAAAAQBw&biw=1522&bih=775
Islamic,https://www.google.com/search?q=islamic%20column&tbm=isch&hl=en&tbs=rimg:Cf8BGxgifKnmYasGPR907j77&rlz=1C1CHBD_enUS769US769&sa=X&ved=0CB4QuIIBahcKEwjYkITRsOXtAhUAAAAAHQAAAAAQBw&biw=1522&bih=775
Islamic,https://www.google.com/search?q=islamic%20column&tbm=isch&hl=en&tbs=rimg:CYqIEQ7C60jZYSPBgWFaUGZS&rlz=1C1CHBD_enUS769US769&sa=X&ved=0CBwQuIIBahcKEwjY1_vZsOXtAhUAAAAAHQAAAAAQCA&biw=1522&bih=775
Islamic,https://www.google.com/search?q=islamic%20column&tbm=isch&hl=en&tbs=rimg:CXCV2lV8ULQxYVCh62B2ZY6Y&rlz=1C1CHBD_enUS769US769&sa=X&ved=0CBwQuIIBahcKEwj4xO7VsOXtAhUAAAAAHQAAAAAQBw&biw=1522&bih=775
Islamic,https://www.google.com/search?q=islamic%20column&tbm=isch&hl=en&tbs=rimg:CbBWTj0pxXXtYZytySvhtclW&rlz=1C1CHBD_enUS769US769&sa=X&ved=0CBsQuIIBahcKEwi45b_osOXtAhUAAAAAHQAAAAAQGA&biw=1522&bih=775
Islamic,https://www.google.com/search?q=islamic%20column&tbm=isch&hl=en&tbs=rimg:Caw7XKZm3INRYZytySvhtclW&rlz=1C1CHBD_enUS769US769&sa=X&ved=0CCIQuIIBahcKEwiY6Nf4sOXtAhUAAAAAHQAAAAAQEA&biw=1522&bih=775
Islamic,https://www.google.com/search?q=islamic%20column&tbm=isch&hl=en&tbs=rimg:CS7sb_176J43pYZytySvhtclW&rlz=1C1CHBD_enUS769US769&sa=X&ved=0CBsQuIIBahcKEwjAkMGDseXtAhUAAAAAHQAAAAAQCQ&biw=1522&bih=775
Romanesque,https://www.google.com/search?q=romanesque%20column&tbm=isch&hl=en&tbs=rimg:CYtMaDEfdw7AYfqchIexq_1_1B&rlz=1C1CHBD_enUS769US769&sa=X&ved=0CBsQuIIBahcKEwjw9IiXseXtAhUAAAAAHQAAAAAQBw&biw=1522&bih=775
Romanesque,https://www.google.com/search?q=romanesque%20column&tbm=isch&hl=en&tbs=rimg:CeoZfZZQZQDZYWSBH1-gNstX&rlz=1C1CHBD_enUS769US769&sa=X&ved=0CBsQuIIBahcKEwiA6LWgseXtAhUAAAAAHQAAAAAQBw&biw=1522&bih=775
Romanesque,https://www.google.com/search?q=romanesque%20column&tbm=isch&hl=en&tbs=rimg:CRsQJnPHF5ZsYa0d_1ua-MWe7&rlz=1C1CHBD_enUS769US769&sa=X&ved=0CBsQuIIBahcKEwi4i6akseXtAhUAAAAAHQAAAAAQBg&biw=1522&bih=775
Romanesque,https://www.google.com/search?q=romanesque%20column&tbm=isch&hl=en&tbs=rimg:CQ95XI6KfJ4yYWr6vYnVkTt3&rlz=1C1CHBD_enUS769US769&sa=X&ved=0CBsQuIIBahcKEwiYgumnseXtAhUAAAAAHQAAAAAQBw&biw=1522&bih=775
Romanesque,https://www.google.com/search?q=romanesque%20column&tbm=isch&hl=en&tbs=rimg:CTZQn7zy1zvoYWSBH1-gNstX&rlz=1C1CHBD_enUS769US769&sa=X&ved=0CB0QuIIBahcKEwiohfmqseXtAhUAAAAAHQAAAAAQEg&biw=1522&bih=775
Romanesque,https://www.google.com/search?q=romanesque%20column&tbm=isch&hl=en&tbs=rimg:CT0B5TB_1PX5dYaz4jkC8Xn7S&rlz=1C1CHBD_enUS769US769&sa=X&ved=0CBwQuIIBahcKEwiA5KezseXtAhUAAAAAHQAAAAAQDA&biw=1522&bih=775
Romanesque,https://www.google.com/search?q=romanesque%20column&tbm=isch&hl=en&tbs=rimg:CbVMV-o6EaOqYa0d_1ua-MWe7&rlz=1C1CHBD_enUS769US769&sa=X&ved=0CBsQuIIBahcKEwjgq8e5seXtAhUAAAAAHQAAAAAQBg&biw=1522&bih=775
Romanesque,https://www.google.com/search?q=romanesque%20column&tbm=isch&hl=en&tbs=rimg:CZzAvXmpeOngYa0d_1ua-MWe7&rlz=1C1CHBD_enUS769US769&sa=X&ved=0CBsQuIIBahcKEwio7_O8seXtAhUAAAAAHQAAAAAQBg&biw=1522&bih=775
Romanesque,https://www.google.com/search?q=romanesque%20column&tbm=isch&hl=en&tbs=rimg:CSQm2AC2QkOrYVm9-7HKFXYC&rlz=1C1CHBD_enUS769US769&sa=X&ved=0CBsQuIIBahcKEwj4_ZTAseXtAhUAAAAAHQAAAAAQDA&biw=1522&bih=775
Romanesque,https://www.google.com/search?q=romanesque%20column&tbm=isch&hl=en&tbs=rimg:CRZJ8LxqNOo8YSHHZXOG3U-t&rlz=1C1CHBD_enUS769US769&sa=X&ved=0CB0QuIIBahcKEwiohajFseXtAhUAAAAAHQAAAAAQBw&biw=1522&bih=775
Romanesque,https://www.google.com/search?q=romanesque%20column&tbm=isch&hl=en&tbs=rimg:CQMBEsEscN4zYbrczXjiuXtw&rlz=1C1CHBD_enUS769US769&sa=X&ved=0CBwQuIIBahcKEwjQ_-HIseXtAhUAAAAAHQAAAAAQDQ&biw=1522&bih=775
Romanesque,https://www.google.com/search?q=romanesque%20column&tbm=isch&hl=en&tbs=rimg:CViwqLKs7Ee_1YY_1CKUkPv6-k&rlz=1C1CHBD_enUS769US769&sa=X&ved=0CBsQuIIBahcKEwiAzv7QseXtAhUAAAAAHQAAAAAQDg&biw=1522&bih=775
Romanesque,https://www.google.com/search?q=romanesque%20column&tbm=isch&hl=en&tbs=rimg:CXuY8lMExxVoYQPTolnEvz9T&rlz=1C1CHBD_enUS769US769&sa=X&ved=0CBsQuIIBahcKEwiA0eLZseXtAhUAAAAAHQAAAAAQBg&biw=1522&bih=775
Romanesque,https://www.google.com/search?q=romanesque%20column&tbm=isch&hl=en&tbs=rimg:CVbH7QfoHB2MYXPNH5_1ncT7P&rlz=1C1CHBD_enUS769US769&sa=X&ved=0CBwQuIIBahcKEwjQt7feseXtAhUAAAAAHQAAAAAQBg&biw=1522&bih=775
Romanesque,https://www.google.com/search?q=romanesque%20column&tbm=isch&hl=en&tbs=rimg:Ca7mbaLmiOw6YahD7OmxBOpl&rlz=1C1CHBD_enUS769US769&sa=X&ved=0CB0QuIIBahcKEwiIztjhseXtAhUAAAAAHQAAAAAQBw&biw=1522&bih=775
Romanesque,https://www.google.com/search?q=romanesque%20column&tbm=isch&hl=en&tbs=rimg:CTquRLbCCjlWYWZ1UNkY4PIC&rlz=1C1CHBD_enUS769US769&sa=X&ved=0CBwQuIIBahcKEwjQxprmseXtAhUAAAAAHQAAAAAQBw&biw=1522&bih=775
Romanesque,https://www.google.com/search?q=romanesque%20column&tbm=isch&hl=en&tbs=rimg:CWDNgd8ldHd_1YR16C_1UFWT0Z&rlz=1C1CHBD_enUS769US769&sa=X&ved=0CBwQuIIBahcKEwiYntjvseXtAhUAAAAAHQAAAAAQBg&biw=1522&bih=775
Romanesque,https://www.google.com/search?q=romanesque%20column&tbm=isch&hl=en&tbs=rimg:CWJN-VnTckbKYYz3mBplbBDK&rlz=1C1CHBD_enUS769US769&sa=X&ved=0CBsQuIIBahcKEwjo6ov0seXtAhUAAAAAHQAAAAAQBg&biw=1522&bih=775
Romanesque,https://www.google.com/search?q=romanesque%20column&tbm=isch&hl=en&tbs=rimg:CcYIlPT_1AJZEYXWMOvG-P4-f&rlz=1C1CHBD_enUS769US769&sa=X&ved=0CBsQuIIBahcKEwiox_P4seXtAhUAAAAAHQAAAAAQCA&biw=1522&bih=775
Romanesque,https://www.google.com/search?q=romanesque%20column&tbm=isch&hl=en&tbs=rimg:CUKMZ8dnepXiYXWMOvG-P4-f&rlz=1C1CHBD_enUS769US769&sa=X&ved=0CBsQuIIBahcKEwiox9uAsuXtAhUAAAAAHQAAAAAQDA&biw=1522&bih=775
Romanesque,https://www.google.com/search?q=romanesque%20column&tbm=isch&hl=en&tbs=rimg:CRYyf-2PiwzSYdfZxYFdRa85&rlz=1C1CHBD_enUS769US769&sa=X&ved=0CBsQuIIBahcKEwjQhM2GsuXtAhUAAAAAHQAAAAAQBg&biw=1522&bih=775
Gothic,https://www.google.com/search?q=gothic%20column&tbm=isch&hl=en&tbs=rimg:CdrBt3uofWfcYanCdCi55kZL&rlz=1C1CHBD_enUS769US769&sa=X&ved=0CBsQuIIBahcKEwigxciesuXtAhUAAAAAHQAAAAAQBw&biw=1522&bih=775
Gothic,https://www.google.com/search?q=gothic%20column&tbm=isch&hl=en&tbs=rimg:CUIBHWLgafSDYT8vr-iHgjsB&rlz=1C1CHBD_enUS769US769&sa=X&ved=0CB0QuIIBahcKEwj418KksuXtAhUAAAAAHQAAAAAQBw&biw=1522&bih=775
Gothic,https://www.google.com/search?q=gothic%20column&tbm=isch&hl=en&tbs=rimg:CaVGv3sD64T5Yfe3A-CTQoM_1&rlz=1C1CHBD_enUS769US769&sa=X&ved=0CB0QuIIBahcKEwjghIGosuXtAhUAAAAAHQAAAAAQDA&biw=1522&bih=775
Gothic,https://www.google.com/search?q=gothic%20column&tbm=isch&hl=en&tbs=rimg:CYx_1RoewIWpOYfe3A-CTQoM_1&rlz=1C1CHBD_enUS769US769&sa=X&ved=0CBsQuIIBahcKEwi4maetsuXtAhUAAAAAHQAAAAAQBw&biw=1522&bih=775
Gothic,https://www.google.com/search?q=gothic%20column&tbm=isch&hl=en&tbs=rimg:CcUWa3TIVFy8YYFWFvrjoh1E&rlz=1C1CHBD_enUS769US769&sa=X&ved=0CB4QuIIBahcKEwiIhaqwsuXtAhUAAAAAHQAAAAAQBg&biw=1522&bih=775
Gothic,https://www.google.com/search?q=gothic%20column&tbm=isch&hl=en&tbs=rimg:CWbXDqHdoTJkYeubTelf6rWY&rlz=1C1CHBD_enUS769US769&sa=X&ved=0CCIQuIIBahcKEwjQ7vOzsuXtAhUAAAAAHQAAAAAQBg&biw=1522&bih=775
Gothic,https://www.google.com/search?q=gothic%20column&tbm=isch&hl=en&tbs=rimg:CcUWa3TIVFy8YYFWFvrjoh1E&rlz=1C1CHBD_enUS769US769&sa=X&ved=0CB4QuIIBahcKEwjgm_C4suXtAhUAAAAAHQAAAAAQBg&biw=1522&bih=775
Gothic,https://www.google.com/search?q=gothic%20column&tbm=isch&hl=en&tbs=rimg:CZreBouwj2VxYWuGM7EeIOUw&rlz=1C1CHBD_enUS769US769&sa=X&ved=0CCAQuIIBahcKEwiQ9Oi9suXtAhUAAAAAHQAAAAAQDA&biw=1522&bih=775
Gothic,https://www.google.com/search?q=gothic%20column&tbm=isch&hl=en&tbs=rimg:CUSBNY2K8WKuYaS9ijmtbfFS&rlz=1C1CHBD_enUS769US769&sa=X&ved=0CBwQuIIBahcKEwiwmqvDsuXtAhUAAAAAHQAAAAAQDA&biw=1522&bih=775
Gothic,https://www.google.com/search?q=gothic%20column&tbm=isch&hl=en&tbs=rimg:CX7fRaipLM5GYX7TWwkKNYx9&rlz=1C1CHBD_enUS769US769&sa=X&ved=0CB0QuIIBahcKEwiQgYjOsuXtAhUAAAAAHQAAAAAQDg&biw=1522&bih=775
Gothic,https://www.google.com/search?q=gothic%20column&tbm=isch&hl=en&tbs=rimg:CRhryYP6PDUJYablABFVhglG&rlz=1C1CHBD_enUS769US769&sa=X&ved=0CBwQuIIBahcKEwigpYHVsuXtAhUAAAAAHQAAAAAQBg&biw=1522&bih=775
Gothic,https://www.google.com/search?q=gothic%20column&tbm=isch&hl=en&tbs=rimg:CdrcyLpaDd9HYbjrppK0c5_1O&rlz=1C1CHBD_enUS769US769&sa=X&ved=0CBsQuIIBahcKEwiIuI_dsuXtAhUAAAAAHQAAAAAQBg&biw=1522&bih=775
Gothic,https://www.google.com/search?q=gothic%20column&tbm=isch&hl=en&tbs=rimg:CZXvcNTyM7MsYQMcCmUtFtZW&rlz=1C1CHBD_enUS769US769&sa=X&ved=0CBwQuIIBahcKEwjo7YfysuXtAhUAAAAAHQAAAAAQBw&biw=1522&bih=775
Gothic,https://www.google.com/search?q=gothic%20column&tbm=isch&hl=en&tbs=rimg:Cftq-gkszlsHYeeedj2gInSk&rlz=1C1CHBD_enUS769US769&sa=X&ved=0CBsQuIIBahcKEwjg6Zb3suXtAhUAAAAAHQAAAAAQBg&biw=1522&bih=775
Gothic,https://www.google.com/search?q=gothic%20column&tbm=isch&hl=en&tbs=rimg:CQMBEsEscN4zYbrczXjiuXtw&rlz=1C1CHBD_enUS769US769&sa=X&ved=0CBwQuIIBahcKEwjAl5v7suXtAhUAAAAAHQAAAAAQCA&biw=1522&bih=775
Gothic,https://www.google.com/search?q=gothic%20column&tbm=isch&hl=en&tbs=rimg:CUjkwBsaCGqYYUohGzdevigz&rlz=1C1CHBD_enUS769US769&sa=X&ved=0CB4QuIIBahcKEwjQuJWCs-XtAhUAAAAAHQAAAAAQBg&biw=1522&bih=775
Gothic,https://www.google.com/search?q=gothic%20column&tbm=isch&hl=en&tbs=rimg:CWbKaJ5wuvpQYY8AzOpIavT_1&rlz=1C1CHBD_enUS769US769&sa=X&ved=0CBwQuIIBahcKEwjwmJ6Gs-XtAhUAAAAAHQAAAAAQDA&biw=1522&bih=775
Gothic,https://www.google.com/search?q=gothic%20column&tbm=isch&hl=en&tbs=rimg:CWKhRmdybxOEYZa9Gmfz5-WB&rlz=1C1CHBD_enUS769US769&sa=X&ved=0CBsQuIIBahcKEwiYkayKs-XtAhUAAAAAHQAAAAAQBw&biw=1522&bih=775
Gothic,https://www.google.com/search?q=gothic%20column&tbm=isch&hl=en&tbs=rimg:CeIag22XGoZhYWLVVwkNgBg1&rlz=1C1CHBD_enUS769US769&sa=X&ved=0CCAQuIIBahcKEwiIoMWhs-XtAhUAAAAAHQAAAAAQBw&biw=1522&bih=775
Gothic,https://www.google.com/search?q=gothic%20column&tbm=isch&hl=en&tbs=rimg:CV4Z6FOM_1ogTYb7bKOxcE_13e&rlz=1C1CHBD_enUS769US769&sa=X&ved=0CB0QuIIBahcKEwj4q5Kos-XtAhUAAAAAHQAAAAAQCA&biw=1522&bih=775
Gothic,https://www.google.com/search?q=gothic%20column&tbm=isch&hl=en&tbs=rimg:CRMuNy-6I1laYfWLhbOn0eJD&rlz=1C1CHBD_enUS769US769&sa=X&ved=0CBsQuIIBahcKEwiwo9Wxs-XtAhUAAAAAHQAAAAAQFQ&biw=1522&bih=775
